f0_mean_hz,f0_std_hz,f0_range_st,f0_mean_st,voiced_ratio,vibrato_index,clean_name,singer_id,technique,group,wav_path,tg_path
199.73638670303723,23.93290705371612,11.56684412191982,-13.796836883279513,0.8636363636363636,7.460850183821616,EN-Tenor-1__mixed_voice__control__0010,EN-Tenor-1,mixed_voice,control,/content/atlas/English_raw/English/EN-Tenor-1/Mixed_Voice_and_Falsetto/Love on the Brain/Control_Group/0010.wav,/content/atlas/English_raw/English/EN-Tenor-1/Mixed_Voice_and_Falsetto/Love on the Brain/Control_Group/0010.TextGrid
375.4176738401926,48.676650306752364,10.66678178173047,-2.8913096711057706,0.8207762557077626,12.003024738361296,EN-Tenor-1__vibrato__control__0007,EN-Tenor-1,vibrato,control,/content/atlas/English_raw/English/EN-Tenor-1/Vibrato/Enchanted/Control_Group/0007.wav,/content/atlas/English_raw/English/EN-Tenor-1/Vibrato/Enchanted/Control_Group/0007.TextGrid
281.6354595963425,52.64938469407413,10.700638796842757,-8.029092262857436,0.8258503401360544,6.053883723530523,EN-Alto-1__vibrato__control__0004,EN-Alto-1,vibrato,control,/content/atlas/English_raw/English/EN-Alto-1/Vibrato/edelweiss/Control_Group/0004.wav,/content/atlas/English_raw/English/EN-Alto-1/Vibrato/edelweiss/Control_Group/0004.TextGrid
325.98151993504223,30.008792467291354,10.781445277337777,-5.267357245551237,0.8160919540229885,9.878176434926463,EN-Alto-1__pharyngeal__control__0006,EN-Alto-1,pharyngeal,control,/content/atlas/English_raw/English/EN-Alto-1/Pharyngeal/love stroy/Control_Group/0006.wav,/content/atlas/English_raw/English/EN-Alto-1/Pharyngeal/love stroy/Control_Group/0006.TextGrid
312.3193080410975,74.31106379254749,12.697728617846876,-6.456910890896049,0.9026275115919629,7.616211061193001,EN-Tenor-1__pharyngeal__control__0005,EN-Tenor-1,pharyngeal,control,/content/atlas/English_raw/English/EN-Tenor-1/Pharyngeal/Always Remember Us This Way/Control_Group/0005.wav,/content/atlas/English_raw/English/EN-Tenor-1/Pharyngeal/Always Remember Us This Way/Control_Group/0005.TextGrid
300.4504431328338,51.29585914248792,21.601657059027875,-6.856466535740532,0.6445211389128559,8.454459890396066,EN-Alto-1__mixed_voice__control__0001,EN-Alto-1,mixed_voice,control,/content/atlas/English_raw/English/EN-Alto-1/Mixed_Voice_and_Falsetto/Arriety's song/Control_Group/0001.wav,/content/atlas/English_raw/English/EN-Alto-1/Mixed_Voice_and_Falsetto/Arriety's song/Control_Group/0001.TextGrid
264.9214176485937,39.59923807678829,11.524104336997166,-8.989597220484479,0.8214285714285714,7.793567196454111,EN-Tenor-1__mixed_voice__control__0005,EN-Tenor-1,mixed_voice,control,/content/atlas/English_raw/English/EN-Tenor-1/Mixed_Voice_and_Falsetto/Wildest Dreams/Control_Group/0005.wav,/content/atlas/English_raw/English/EN-Tenor-1/Mixed_Voice_and_Falsetto/Wildest Dreams/Control_Group/0005.TextGrid
312.3705727264389,37.941613989715684,11.168403675990218,-6.0546213607555135,0.8036363636363636,13.31588164437404,EN-Tenor-1__vibrato__control__0002,EN-Tenor-1,vibrato,control,/content/atlas/English_raw/English/EN-Tenor-1/Vibrato/You Belong With Me/Control_Group/0002.wav,/content/atlas/English_raw/English/EN-Tenor-1/Vibrato/You Belong With Me/Control_Group/0002.TextGrid
261.6032987831603,45.07266717578673,41.26726987212738,-9.335824514847426,0.5251509054325956,7.596855813682152,EN-Alto-2__mixed_voice__control__0004,EN-Alto-2,mixed_voice,control,/content/atlas/English_raw/English/EN-Alto-2/Mixed_Voice_and_Falsetto/City Of Stars/Control_Group/0004.wav,/content/atlas/English_raw/English/EN-Alto-2/Mixed_Voice_and_Falsetto/City Of Stars/Control_Group/0004.TextGrid
296.52940154545905,71.33855907934954,12.627916905103916,-7.340768913702858,0.8817204301075269,5.794152981562525,EN-Tenor-1__glissando__control__0005,EN-Tenor-1,glissando,control,/content/atlas/English_raw/English/EN-Tenor-1/Glissando/I Knew You Were Trouble/Control_Group/0005.wav,/content/atlas/English_raw/English/EN-Tenor-1/Glissando/I Knew You Were Trouble/Control_Group/0005.TextGrid
431.0267628564272,82.99566027192796,13.541749302601605,-0.6693571061276505,0.9123134328358209,6.318309984746463,EN-Tenor-1__vibrato__control__0007,EN-Tenor-1,vibrato,control,/content/atlas/English_raw/English/EN-Tenor-1/Vibrato/What Was I Made For∩╝ƒ/Control_Group/0007.wav,/content/atlas/English_raw/English/EN-Tenor-1/Vibrato/What Was I Made For∩╝ƒ/Control_Group/0007.TextGrid
283.8003360419404,47.21332600177066,12.76226623408222,-7.830711208167845,0.815515610217597,7.021206691899499,EN-Alto-2__breathy__control__0001,EN-Alto-2,breathy,control,/content/atlas/English_raw/English/EN-Alto-2/Breathy/Yesterday Once More/Control_Group/0001.wav,/content/atlas/English_raw/English/EN-Alto-2/Breathy/Yesterday Once More/Control_Group/0001.TextGrid
183.84630845937963,16.935620691144184,7.5352198142280145,-15.178142895855178,0.9128256513026052,3.265265131674265,EN-Tenor-1__mixed_voice__control__0011,EN-Tenor-1,mixed_voice,control,/content/atlas/English_raw/English/EN-Tenor-1/Mixed_Voice_and_Falsetto/Firework/Control_Group/0011.wav,/content/atlas/English_raw/English/EN-Tenor-1/Mixed_Voice_and_Falsetto/Firework/Control_Group/0011.TextGrid
306.15314640649916,21.318558704482406,5.3334161523382075,-6.322299355747027,0.8930635838150289,3.262077760327102,EN-Tenor-1__glissando__control__0010,EN-Tenor-1,glissando,control,/content/atlas/English_raw/English/EN-Tenor-1/Glissando/What Was I Made For∩╝ƒ/Control_Group/0010.wav,/content/atlas/English_raw/English/EN-Tenor-1/Glissando/What Was I Made For∩╝ƒ/Control_Group/0010.TextGrid
325.0124849326062,50.67186972339979,10.532374454382852,-5.45872646329386,0.8595317725752508,9.502935529986548,EN-Tenor-1__breathy__control__0003,EN-Tenor-1,breathy,control,/content/atlas/English_raw/English/EN-Tenor-1/Breathy/Long Live/Control_Group/0003.wav,/content/atlas/English_raw/English/EN-Tenor-1/Breathy/Long Live/Control_Group/0003.TextGrid
280.60037312800915,36.4271373345894,10.020409133889164,-7.936953004711957,0.8364269141531323,5.792555318189548,EN-Alto-2__breathy__control__0003,EN-Alto-2,breathy,control,/content/atlas/English_raw/English/EN-Alto-2/Breathy/Yesterday Once More/Control_Group/0003.wav,/content/atlas/English_raw/English/EN-Alto-2/Breathy/Yesterday Once More/Control_Group/0003.TextGrid
201.13952438376168,41.506317137360476,16.160775443282862,-13.923891328081961,0.8183361629881154,5.8570903123787845,EN-Tenor-1__pharyngeal__control__0007,EN-Tenor-1,pharyngeal,control,/content/atlas/English_raw/English/EN-Tenor-1/Pharyngeal/Someone Like You/Control_Group/0007.wav,/content/atlas/English_raw/English/EN-Tenor-1/Pharyngeal/Someone Like You/Control_Group/0007.TextGrid
187.8761314351152,28.242337925900237,13.447375201575326,-14.942882664353387,0.8317241379310345,5.405075148746392,EN-Tenor-1__mixed_voice__control__0009,EN-Tenor-1,mixed_voice,control,/content/atlas/English_raw/English/EN-Tenor-1/Mixed_Voice_and_Falsetto/Firework/Control_Group/0009.wav,/content/atlas/English_raw/English/EN-Tenor-1/Mixed_Voice_and_Falsetto/Firework/Control_Group/0009.TextGrid
265.58407750322664,34.292908671419355,14.876465245511852,-8.857333132907883,0.8531468531468531,10.31128047084296,EN-Tenor-1__mixed_voice__control__0000,EN-Tenor-1,mixed_voice,control,/content/atlas/English_raw/English/EN-Tenor-1/Mixed_Voice_and_Falsetto/Love Story/Control_Group/0000.wav,/content/atlas/English_raw/English/EN-Tenor-1/Mixed_Voice_and_Falsetto/Love Story/Control_Group/0000.TextGrid
335.1791201290225,68.8880393074977,12.648671962573035,-5.06670197879807,0.8578993821712269,6.964968498598565,EN-Alto-1__glissando__control__0010,EN-Alto-1,glissando,control,/content/atlas/English_raw/English/EN-Alto-1/Glissando/trouble is a friend/Control_Group/0010.wav,/content/atlas/English_raw/English/EN-Alto-1/Glissando/trouble is a friend/Control_Group/0010.TextGrid
260.1730584194191,29.49428447086598,38.96774995262584,-9.268402394658422,0.564042303172738,7.372927579073089,EN-Alto-2__breathy__control__0000,EN-Alto-2,breathy,control,/content/atlas/English_raw/English/EN-Alto-2/Breathy/My Love/Control_Group/0000.wav,/content/atlas/English_raw/English/EN-Alto-2/Breathy/My Love/Control_Group/0000.TextGrid
280.60037312800915,36.4271373345894,10.020409133889164,-7.936953004711957,0.8364269141531323,5.792555318189548,EN-Alto-2__vibrato__control__0003,EN-Alto-2,vibrato,control,/content/atlas/English_raw/English/EN-Alto-2/Vibrato/Yesterday Once More/Control_Group/0003.wav,/content/atlas/English_raw/English/EN-Alto-2/Vibrato/Yesterday Once More/Control_Group/0003.TextGrid
254.56320338314202,40.38183512462403,9.578364595946024,-9.688924053643769,0.8781218781218781,4.71172557718005,EN-Tenor-1__breathy__control__0000,EN-Tenor-1,breathy,control,/content/atlas/English_raw/English/EN-Tenor-1/Breathy/Always Remember Us This Way/Control_Group/0000.wav,/content/atlas/English_raw/English/EN-Tenor-1/Breathy/Always Remember Us This Way/Control_Group/0000.TextGrid
209.6885964296422,44.681916866418305,11.073956512697194,-13.226508776200673,0.9029275808936826,7.258314740459308,EN-Tenor-1__mixed_voice__control__0006,EN-Tenor-1,mixed_voice,control,/content/atlas/English_raw/English/EN-Tenor-1/Mixed_Voice_and_Falsetto/Always Remember Us This Way/Control_Group/0006.wav,/content/atlas/English_raw/English/EN-Tenor-1/Mixed_Voice_and_Falsetto/Always Remember Us This Way/Control_Group/0006.TextGrid
254.56320338314202,40.38183512462403,9.578364595946024,-9.688924053643769,0.8781218781218781,4.71172557718005,EN-Tenor-1__pharyngeal__control__0000,EN-Tenor-1,pharyngeal,control,/content/atlas/English_raw/English/EN-Tenor-1/Pharyngeal/Always Remember Us This Way/Control_Group/0000.wav,/content/atlas/English_raw/English/EN-Tenor-1/Pharyngeal/Always Remember Us This Way/Control_Group/0000.TextGrid
364.73974011164887,50.02970507318327,9.421823159982184,-3.415027571463577,0.7867730900798175,5.44954519329669,EN-Alto-2__glissando__control__0005,EN-Alto-2,glissando,control,/content/atlas/English_raw/English/EN-Alto-2/Glissando/You Raise Me Up/Control_Group/0005.wav,/content/atlas/English_raw/English/EN-Alto-2/Glissando/You Raise Me Up/Control_Group/0005.TextGrid
201.23966189557677,18.64256590874356,9.462301810985105,-13.61876518985927,0.9222520107238605,7.636821894121746,EN-Tenor-1__mixed_voice__control__0008,EN-Tenor-1,mixed_voice,control,/content/atlas/English_raw/English/EN-Tenor-1/Mixed_Voice_and_Falsetto/Love on the Brain/Control_Group/0008.wav,/content/atlas/English_raw/English/EN-Tenor-1/Mixed_Voice_and_Falsetto/Love on the Brain/Control_Group/0008.TextGrid
260.70652712466926,34.449368217691955,10.350578304023838,-9.208575509033267,0.7777777777777778,8.84818391246434,EN-Tenor-1__vibrato__control__0002,EN-Tenor-1,vibrato,control,/content/atlas/English_raw/English/EN-Tenor-1/Vibrato/Million Reasons/Control_Group/0002.wav,/content/atlas/English_raw/English/EN-Tenor-1/Vibrato/Million Reasons/Control_Group/0002.TextGrid
285.6236940778258,34.5415942833613,18.666839430874308,-7.627719145965023,0.8236877523553163,9.808014734340084,EN-Tenor-1__mixed_voice__control__0007,EN-Tenor-1,mixed_voice,control,/content/atlas/English_raw/English/EN-Tenor-1/Mixed_Voice_and_Falsetto/Summertime Sadness/Control_Group/0007.wav,/content/atlas/English_raw/English/EN-Tenor-1/Mixed_Voice_and_Falsetto/Summertime Sadness/Control_Group/0007.TextGrid
389.4256069430694,102.73591881168552,19.16303849952927,-2.583136557959364,0.7988700564971751,13.751514632033997,EN-Alto-2__mixed_voice__control__0005,EN-Alto-2,mixed_voice,control,/content/atlas/English_raw/English/EN-Alto-2/Mixed_Voice_and_Falsetto/You Raise Me Up/Control_Group/0005.wav,/content/atlas/English_raw/English/EN-Alto-2/Mixed_Voice_and_Falsetto/You Raise Me Up/Control_Group/0005.TextGrid
295.92607506552196,28.960986108940272,8.876200959595703,-6.953604885805417,0.8772727272727273,6.231419069945139,EN-Tenor-1__vibrato__control__0003,EN-Tenor-1,vibrato,control,/content/atlas/English_raw/English/EN-Tenor-1/Vibrato/You Belong With Me/Control_Group/0003.wav,/content/atlas/English_raw/English/EN-Tenor-1/Vibrato/You Belong With Me/Control_Group/0003.TextGrid
223.67051622098896,63.91035338009292,37.31291593390507,-13.269904198301822,0.40103492884864167,14.79993045850045,EN-Alto-2__mixed_voice__control__0000,EN-Alto-2,mixed_voice,control,/content/atlas/English_raw/English/EN-Alto-2/Mixed_Voice_and_Falsetto/Hello/Control_Group/0000.wav,/content/atlas/English_raw/English/EN-Alto-2/Mixed_Voice_and_Falsetto/Hello/Control_Group/0000.TextGrid
366.33316522908723,62.364106158962755,12.456868944685862,-3.4135660121730806,0.8213552361396304,9.33307550011572,EN-Alto-2__mixed_voice__control__0001,EN-Alto-2,mixed_voice,control,/content/atlas/English_raw/English/EN-Alto-2/Mixed_Voice_and_Falsetto/Yesterday Once More/Control_Group/0001.wav,/content/atlas/English_raw/English/EN-Alto-2/Mixed_Voice_and_Falsetto/Yesterday Once More/Control_Group/0001.TextGrid
239.47404678042383,25.381258188253558,8.617777459359846,-10.640344955110548,0.8735294117647059,5.848334826570436,EN-Tenor-1__glissando__control__0001,EN-Tenor-1,glissando,control,/content/atlas/English_raw/English/EN-Tenor-1/Glissando/Million Reasons/Control_Group/0001.wav,/content/atlas/English_raw/English/EN-Tenor-1/Glissando/Million Reasons/Control_Group/0001.TextGrid
257.6484386676551,30.340953440077207,12.36644760841395,-9.394861119249436,0.9006928406466512,7.971008322141843,EN-Tenor-1__mixed_voice__control__0000,EN-Tenor-1,mixed_voice,control,/content/atlas/English_raw/English/EN-Tenor-1/Mixed_Voice_and_Falsetto/Blank Space/Control_Group/0000.wav,/content/atlas/English_raw/English/EN-Tenor-1/Mixed_Voice_and_Falsetto/Blank Space/Control_Group/0000.TextGrid
308.101093816107,29.848587826316752,8.373747272983982,-6.255334223325449,0.7372188139059305,7.641830753650412,EN-Alto-2__mixed_voice__control__0010,EN-Alto-2,mixed_voice,control,/content/atlas/English_raw/English/EN-Alto-2/Mixed_Voice_and_Falsetto/City Of Stars/Control_Group/0010.wav,/content/atlas/English_raw/English/EN-Alto-2/Mixed_Voice_and_Falsetto/City Of Stars/Control_Group/0010.TextGrid
273.4512094900651,18.076813373746138,5.307203026611389,-8.27183968414691,0.9335260115606936,4.8230845957403226,EN-Tenor-1__vibrato__control__0003,EN-Tenor-1,vibrato,control,/content/atlas/English_raw/English/EN-Tenor-1/Vibrato/Stay/Control_Group/0003.wav,/content/atlas/English_raw/English/EN-Tenor-1/Vibrato/Stay/Control_Group/0003.TextGrid
397.2540472468277,54.44083032240148,14.10780121622724,-1.9519732563269951,0.759825327510917,12.853305047359559,EN-Tenor-1__pharyngeal__control__0006,EN-Tenor-1,pharyngeal,control,/content/atlas/English_raw/English/EN-Tenor-1/Pharyngeal/Rolling in the Deep/Control_Group/0006.wav,/content/atlas/English_raw/English/EN-Tenor-1/Pharyngeal/Rolling in the Deep/Control_Group/0006.TextGrid
406.88812304477926,79.65193578410904,10.266784953365583,-1.7089201856002454,0.9279279279279279,10.154002784732807,EN-Tenor-1__vibrato__control__0006,EN-Tenor-1,vibrato,control,/content/atlas/English_raw/English/EN-Tenor-1/Vibrato/Million Reasons/Control_Group/0006.wav,/content/atlas/English_raw/English/EN-Tenor-1/Vibrato/Million Reasons/Control_Group/0006.TextGrid
333.56787624482826,61.44707868566417,13.412453130029816,-5.108472249266259,0.8555176336746303,11.983463637480549,EN-Tenor-1__pharyngeal__control__0006,EN-Tenor-1,pharyngeal,control,/content/atlas/English_raw/English/EN-Tenor-1/Pharyngeal/Long Live/Control_Group/0006.wav,/content/atlas/English_raw/English/EN-Tenor-1/Pharyngeal/Long Live/Control_Group/0006.TextGrid
305.1224188793962,70.2442558353132,13.56209532259955,-6.788668079043515,0.6855590062111802,4.4506955417879706,EN-Alto-2__breathy__control__0006,EN-Alto-2,breathy,control,/content/atlas/English_raw/English/EN-Alto-2/Breathy/Yesterday Once More/Control_Group/0006.wav,/content/atlas/English_raw/English/EN-Alto-2/Breathy/Yesterday Once More/Control_Group/0006.TextGrid
325.7999155395895,50.99693906489905,10.11842386335297,-5.423599158543832,0.770573566084788,11.449600498726209,EN-Tenor-1__vibrato__control__0004,EN-Tenor-1,vibrato,control,/content/atlas/English_raw/English/EN-Tenor-1/Vibrato/Long Live/Control_Group/0004.wav,/content/atlas/English_raw/English/EN-Tenor-1/Vibrato/Long Live/Control_Group/0004.TextGrid
203.31841848345272,64.15042770552081,38.44867210298735,-15.177617250030485,0.38362068965517243,13.900187640944289,EN-Alto-2__vibrato__control__0000,EN-Alto-2,vibrato,control,/content/atlas/English_raw/English/EN-Alto-2/Vibrato/Someone You Loved/Control_Group/0000.wav,/content/atlas/English_raw/English/EN-Alto-2/Vibrato/Someone You Loved/Control_Group/0000.TextGrid
272.5491293409697,47.37742610298878,11.730267187792794,-8.545756075346535,0.7061611374407583,4.317542622055893,EN-Alto-2__pharyngeal__control__0007,EN-Alto-2,pharyngeal,control,/content/atlas/English_raw/English/EN-Alto-2/Pharyngeal/Yesterday Once More/Control_Group/0007.wav,/content/atlas/English_raw/English/EN-Alto-2/Pharyngeal/Yesterday Once More/Control_Group/0007.TextGrid
433.33112546604605,53.17344257235822,10.441301881853018,-0.39761002280311625,0.8051750380517504,9.687619686721407,EN-Alto-1__vibrato__control__0009,EN-Alto-1,vibrato,control,/content/atlas/English_raw/English/EN-Alto-1/Vibrato/if you love me for me/Control_Group/0009.wav,/content/atlas/English_raw/English/EN-Alto-1/Vibrato/if you love me for me/Control_Group/0009.TextGrid
309.60613822170393,45.90040844478763,10.718673362742505,-6.267563873894428,0.8763376932223543,7.763467053785766,EN-Tenor-1__breathy__control__0001,EN-Tenor-1,breathy,control,/content/atlas/English_raw/English/EN-Tenor-1/Breathy/Shallow/Control_Group/0001.wav,/content/atlas/English_raw/English/EN-Tenor-1/Breathy/Shallow/Control_Group/0001.TextGrid
354.41520969627146,27.69868208520566,4.868385427802773,-3.7982926977717577,0.8437956204379562,4.565036094385524,EN-Tenor-1__glissando__control__0005,EN-Tenor-1,glissando,control,/content/atlas/English_raw/English/EN-Tenor-1/Glissando/Someone Like You/Control_Group/0005.wav,/content/atlas/English_raw/English/EN-Tenor-1/Glissando/Someone Like You/Control_Group/0005.TextGrid
235.43580735116598,57.94347432972995,14.972888859478093,-11.390229912468628,0.8566433566433567,7.475035464717974,EN-Tenor-1__mixed_voice__control__0001,EN-Tenor-1,mixed_voice,control,/content/atlas/English_raw/English/EN-Tenor-1/Mixed_Voice_and_Falsetto/Lavender Haze/Control_Group/0001.wav,/content/atlas/English_raw/English/EN-Tenor-1/Mixed_Voice_and_Falsetto/Lavender Haze/Control_Group/0001.TextGrid
227.04678695078135,25.636040265051538,6.597178367871436,-11.56281313262928,0.8729508196721312,2.669894950430405,EN-Tenor-1__glissando__control__0007,EN-Tenor-1,glissando,control,/content/atlas/English_raw/English/EN-Tenor-1/Glissando/Always Remember Us This Way/Control_Group/0007.wav,/content/atlas/English_raw/English/EN-Tenor-1/Glissando/Always Remember Us This Way/Control_Group/0007.TextGrid
309.3972854347928,51.34777552603498,10.039238600837109,-6.319627998724033,0.8555825242718447,11.536030420760332,EN-Alto-1__pharyngeal__control__0003,EN-Alto-1,pharyngeal,control,/content/atlas/English_raw/English/EN-Alto-1/Pharyngeal/clouds/Control_Group/0003.wav,/content/atlas/English_raw/English/EN-Alto-1/Pharyngeal/clouds/Control_Group/0003.TextGrid
344.66679488489035,60.09648460947783,11.377027728572278,-4.4919228530956685,0.8888888888888888,9.14055908108186,EN-Alto-1__mixed_voice__control__0020,EN-Alto-1,mixed_voice,control,/content/atlas/English_raw/English/EN-Alto-1/Mixed_Voice_and_Falsetto/let it go/Control_Group/0020.wav,/content/atlas/English_raw/English/EN-Alto-1/Mixed_Voice_and_Falsetto/let it go/Control_Group/0020.TextGrid
223.1467426965853,24.189067716804708,8.552194788179719,-11.848800144477835,0.9576629974597799,3.0712842257368598,EN-Tenor-1__mixed_voice__control__0004,EN-Tenor-1,mixed_voice,control,/content/atlas/English_raw/English/EN-Tenor-1/Mixed_Voice_and_Falsetto/What Was I Made For∩╝ƒ/Control_Group/0004.wav,/content/atlas/English_raw/English/EN-Tenor-1/Mixed_Voice_and_Falsetto/What Was I Made For∩╝ƒ/Control_Group/0004.TextGrid
325.0124849326062,50.67186972339979,10.532374454382852,-5.45872646329386,0.8595317725752508,9.502935529986548,EN-Tenor-1__pharyngeal__control__0003,EN-Tenor-1,pharyngeal,control,/content/atlas/English_raw/English/EN-Tenor-1/Pharyngeal/Long Live/Control_Group/0003.wav,/content/atlas/English_raw/English/EN-Tenor-1/Pharyngeal/Long Live/Control_Group/0003.TextGrid
417.5221978723527,90.1397771115871,13.850359126149874,-1.2888497942147987,0.9168081494057725,6.1958857554723705,EN-Tenor-1__vibrato__control__0008,EN-Tenor-1,vibrato,control,/content/atlas/English_raw/English/EN-Tenor-1/Vibrato/What Was I Made For∩╝ƒ/Control_Group/0008.wav,/content/atlas/English_raw/English/EN-Tenor-1/Vibrato/What Was I Made For∩╝ƒ/Control_Group/0008.TextGrid
306.69890378040367,92.74240528777779,45.4257273204144,-7.263255925188151,0.6847414880201765,8.271295958275672,EN-Alto-2__pharyngeal__control__0011,EN-Alto-2,pharyngeal,control,/content/atlas/English_raw/English/EN-Alto-2/Pharyngeal/Someone Like You/Control_Group/0011.wav,/content/atlas/English_raw/English/EN-Alto-2/Pharyngeal/Someone Like You/Control_Group/0011.TextGrid
426.90686852667596,61.42752831687769,13.061630576043463,-0.7034325651398606,0.8725055432372506,9.985409140011715,EN-Alto-2__mixed_voice__control__0007,EN-Alto-2,mixed_voice,control,/content/atlas/English_raw/English/EN-Alto-2/Mixed_Voice_and_Falsetto/Hello/Control_Group/0007.wav,/content/atlas/English_raw/English/EN-Alto-2/Mixed_Voice_and_Falsetto/Hello/Control_Group/0007.TextGrid
249.2384955706843,20.25244802728952,7.8976027973319844,-9.896765365603832,0.8151898734177215,9.088217256656312,EN-Tenor-1__mixed_voice__control__0003,EN-Tenor-1,mixed_voice,control,/content/atlas/English_raw/English/EN-Tenor-1/Mixed_Voice_and_Falsetto/Dark Paradise/Control_Group/0003.wav,/content/atlas/English_raw/English/EN-Tenor-1/Mixed_Voice_and_Falsetto/Dark Paradise/Control_Group/0003.TextGrid
325.18920996213205,80.00385549715097,14.43512652879943,-5.788812698108138,0.7305475504322767,10.857145798910931,EN-Alto-1__pharyngeal__control__0002,EN-Alto-1,pharyngeal,control,/content/atlas/English_raw/English/EN-Alto-1/Pharyngeal/beauty and the beast/Control_Group/0002.wav,/content/atlas/English_raw/English/EN-Alto-1/Pharyngeal/beauty and the beast/Control_Group/0002.TextGrid
402.1503769264343,60.4895940587501,9.261758284116155,-1.7445097026209981,0.9184952978056427,10.311978195641645,EN-Tenor-1__breathy__control__0001,EN-Tenor-1,breathy,control,/content/atlas/English_raw/English/EN-Tenor-1/Breathy/What Was I Made For∩╝ƒ/Control_Group/0001.wav,/content/atlas/English_raw/English/EN-Tenor-1/Breathy/What Was I Made For∩╝ƒ/Control_Group/0001.TextGrid
299.21343633084575,69.4455767277367,15.527250270140485,-7.154382514183229,0.7652370203160271,15.202007989276845,EN-Alto-1__glissando__control__0002,EN-Alto-1,glissando,control,/content/atlas/English_raw/English/EN-Alto-1/Glissando/tell me that you love me/Control_Group/0002.wav,/content/atlas/English_raw/English/EN-Alto-1/Glissando/tell me that you love me/Control_Group/0002.TextGrid
237.9317739930499,23.21237221705396,11.771073915501844,-10.727381403359812,0.7106325706594886,11.45345955396801,EN-Tenor-1__mixed_voice__control__0005,EN-Tenor-1,mixed_voice,control,/content/atlas/English_raw/English/EN-Tenor-1/Mixed_Voice_and_Falsetto/Dark Paradise/Control_Group/0005.wav,/content/atlas/English_raw/English/EN-Tenor-1/Mixed_Voice_and_Falsetto/Dark Paradise/Control_Group/0005.TextGrid
224.1823435780938,15.449226864910633,10.724380974756016,-11.712415769447343,0.5217391304347826,8.496883419673583,EN-Alto-1__pharyngeal__control__0007,EN-Alto-1,pharyngeal,control,/content/atlas/English_raw/English/EN-Alto-1/Pharyngeal/who says/Control_Group/0007.wav,/content/atlas/English_raw/English/EN-Alto-1/Pharyngeal/who says/Control_Group/0007.TextGrid
273.7472074744415,47.39148582005204,12.782845330935597,-8.469742530443488,0.8963051251489869,6.650485893437373,EN-Tenor-1__vibrato__control__0009,EN-Tenor-1,vibrato,control,/content/atlas/English_raw/English/EN-Tenor-1/Vibrato/Stay/Control_Group/0009.wav,/content/atlas/English_raw/English/EN-Tenor-1/Vibrato/Stay/Control_Group/0009.TextGrid
331.04012850053044,72.3620982351336,14.569578459472755,-5.366204039592214,0.8930008045052292,9.382936063114272,EN-Tenor-1__pharyngeal__control__0004,EN-Tenor-1,pharyngeal,control,/content/atlas/English_raw/English/EN-Tenor-1/Pharyngeal/I Knew You Were Trouble/Control_Group/0004.wav,/content/atlas/English_raw/English/EN-Tenor-1/Pharyngeal/I Knew You Were Trouble/Control_Group/0004.TextGrid
285.4015873664046,54.9609958114839,12.331538380982485,-7.8147047542978445,0.7619047619047619,7.049154594430507,EN-Alto-2__breathy__control__0002,EN-Alto-2,breathy,control,/content/atlas/English_raw/English/EN-Alto-2/Breathy/My Love/Control_Group/0002.wav,/content/atlas/English_raw/English/EN-Alto-2/Breathy/My Love/Control_Group/0002.TextGrid
260.18910242885045,43.72092825212768,20.539478373406496,-9.280086436060857,0.6584022038567493,7.6409896422030705,EN-Alto-2__mixed_voice__control__0006,EN-Alto-2,mixed_voice,control,/content/atlas/English_raw/English/EN-Alto-2/Mixed_Voice_and_Falsetto/Lemon Tree/Control_Group/0006.wav,/content/atlas/English_raw/English/EN-Alto-2/Mixed_Voice_and_Falsetto/Lemon Tree/Control_Group/0006.TextGrid
116.79312175407338,10.823672977716488,8.750260923616004,-23.03124722208975,0.5887521968365553,3.83484175366148,EN-Tenor-1__mixed_voice__speech__0010,EN-Tenor-1,mixed_voice,speech,/content/atlas/English_raw/English/EN-Tenor-1/Mixed_Voice_and_Falsetto/Love on the Brain/Paired_Speech_Group/0010.wav,/content/atlas/English_raw/English/EN-Tenor-1/Mixed_Voice_and_Falsetto/Love on the Brain/Paired_Speech_Group/0010.TextGrid
119.95600255218115,6.777986511398766,5.0676490135257595,-22.527685244379974,0.6091954022988506,3.3835233167217575,EN-Tenor-1__vibrato__speech__0007,EN-Tenor-1,vibrato,speech,/content/atlas/English_raw/English/EN-Tenor-1/Vibrato/Enchanted/Paired_Speech_Group/0007.wav,/content/atlas/English_raw/English/EN-Tenor-1/Vibrato/Enchanted/Paired_Speech_Group/0007.TextGrid
255.52321706647712,32.75542737412229,10.032495798523849,-9.546489335887955,0.6702127659574468,12.924638518517307,EN-Alto-1__vibrato__speech__0004,EN-Alto-1,vibrato,speech,/content/atlas/English_raw/English/EN-Alto-1/Vibrato/edelweiss/Paired_Speech_Group/0004.wav,/content/atlas/English_raw/English/EN-Alto-1/Vibrato/edelweiss/Paired_Speech_Group/0004.TextGrid
238.32197563729974,30.52517350544038,16.695017806986677,-10.761199987972748,0.7287104622871047,12.866959257016008,EN-Alto-1__pharyngeal__speech__0006,EN-Alto-1,pharyngeal,speech,/content/atlas/English_raw/English/EN-Alto-1/Pharyngeal/love stroy/Paired_Speech_Group/0006.wav,/content/atlas/English_raw/English/EN-Alto-1/Pharyngeal/love stroy/Paired_Speech_Group/0006.TextGrid
104.86318175673543,8.99091011879219,6.637967381280362,-24.890866206156687,0.5058823529411764,2.8761460865450594,EN-Tenor-1__pharyngeal__speech__0005,EN-Tenor-1,pharyngeal,speech,/content/atlas/English_raw/English/EN-Tenor-1/Pharyngeal/Always Remember Us This Way/Paired_Speech_Group/0005.wav,/content/atlas/English_raw/English/EN-Tenor-1/Pharyngeal/Always Remember Us This Way/Paired_Speech_Group/0005.TextGrid
255.40677206341363,48.538769971179306,13.184488316869388,-9.713842231634798,0.802439024390244,17.29850204810751,EN-Alto-1__mixed_voice__speech__0001,EN-Alto-1,mixed_voice,speech,/content/atlas/English_raw/English/EN-Alto-1/Mixed_Voice_and_Falsetto/Arriety's song/Paired_Speech_Group/0001.wav,/content/atlas/English_raw/English/EN-Alto-1/Mixed_Voice_and_Falsetto/Arriety's song/Paired_Speech_Group/0001.TextGrid
104.30706252189574,7.7594737642578515,4.351571653821647,-24.968949485258513,0.43278688524590164,4.3939374930408155,EN-Tenor-1__mixed_voice__speech__0005,EN-Tenor-1,mixed_voice,speech,/content/atlas/English_raw/English/EN-Tenor-1/Mixed_Voice_and_Falsetto/Wildest Dreams/Paired_Speech_Group/0005.wav,/content/atlas/English_raw/English/EN-Tenor-1/Mixed_Voice_and_Falsetto/Wildest Dreams/Paired_Speech_Group/0005.TextGrid
107.74096812760477,12.989997284957907,14.53731243705367,-24.46717228094061,0.5334261838440112,6.252567563893203,EN-Tenor-1__vibrato__speech__0002,EN-Tenor-1,vibrato,speech,/content/atlas/English_raw/English/EN-Tenor-1/Vibrato/You Belong With Me/Paired_Speech_Group/0002.wav,/content/atlas/English_raw/English/EN-Tenor-1/Vibrato/You Belong With Me/Paired_Speech_Group/0002.TextGrid
176.2529990181754,68.67465791601232,35.025324849452566,-18.076187793620623,0.46886446886446886,17.740192702225,EN-Alto-2__mixed_voice__speech__0004,EN-Alto-2,mixed_voice,speech,/content/atlas/English_raw/English/EN-Alto-2/Mixed_Voice_and_Falsetto/City Of Stars/Paired_Speech_Group/0004.wav,/content/atlas/English_raw/English/EN-Alto-2/Mixed_Voice_and_Falsetto/City Of Stars/Paired_Speech_Group/0004.TextGrid
101.37118312682826,3.666151985532221,2.919428344040316,-25.425434389619156,0.6696428571428571,1.8521196418748849,EN-Tenor-1__glissando__speech__0005,EN-Tenor-1,glissando,speech,/content/atlas/English_raw/English/EN-Tenor-1/Glissando/I Knew You Were Trouble/Paired_Speech_Group/0005.wav,/content/atlas/English_raw/English/EN-Tenor-1/Glissando/I Knew You Were Trouble/Paired_Speech_Group/0005.TextGrid
110.79433530639264,15.53106308575924,13.484477708474365,-24.085522808992504,0.5230263157894737,5.493632517085899,EN-Tenor-1__vibrato__speech__0007,EN-Tenor-1,vibrato,speech,/content/atlas/English_raw/English/EN-Tenor-1/Vibrato/What Was I Made For∩╝ƒ/Paired_Speech_Group/0007.wav,/content/atlas/English_raw/English/EN-Tenor-1/Vibrato/What Was I Made For∩╝ƒ/Paired_Speech_Group/0007.TextGrid
211.77848534300944,22.041450811742887,10.213014319595118,-12.752410811884308,0.5851272015655578,10.64214118673812,EN-Alto-2__breathy__speech__0001,EN-Alto-2,breathy,speech,/content/atlas/English_raw/English/EN-Alto-2/Breathy/Yesterday Once More/Paired_Speech_Group/0001.wav,/content/atlas/English_raw/English/EN-Alto-2/Breathy/Yesterday Once More/Paired_Speech_Group/0001.TextGrid
97.8260297016571,11.577985067168926,16.63722421184359,-26.121559508191783,0.7066115702479339,5.662688224620546,EN-Tenor-1__mixed_voice__speech__0011,EN-Tenor-1,mixed_voice,speech,/content/atlas/English_raw/English/EN-Tenor-1/Mixed_Voice_and_Falsetto/Firework/Paired_Speech_Group/0011.wav,/content/atlas/English_raw/English/EN-Tenor-1/Mixed_Voice_and_Falsetto/Firework/Paired_Speech_Group/0011.TextGrid
102.1676145775179,15.060824105525802,15.462143402277643,-25.56304369347384,0.6195121951219512,8.339288015993136,EN-Tenor-1__glissando__speech__0010,EN-Tenor-1,glissando,speech,/content/atlas/English_raw/English/EN-Tenor-1/Glissando/What Was I Made For∩╝ƒ/Paired_Speech_Group/0010.wav,/content/atlas/English_raw/English/EN-Tenor-1/Glissando/What Was I Made For∩╝ƒ/Paired_Speech_Group/0010.TextGrid
98.09058589744514,11.985624916366808,14.528005336905087,-26.084720501509636,0.518578352180937,3.1303496731228906,EN-Tenor-1__breathy__speech__0003,EN-Tenor-1,breathy,speech,/content/atlas/English_raw/English/EN-Tenor-1/Breathy/Long Live/Paired_Speech_Group/0003.wav,/content/atlas/English_raw/English/EN-Tenor-1/Breathy/Long Live/Paired_Speech_Group/0003.TextGrid
208.38184204697234,19.860934933714347,7.298640327768977,-13.017335202730543,0.5826271186440678,9.904054976862115,EN-Alto-2__breathy__speech__0003,EN-Alto-2,breathy,speech,/content/atlas/English_raw/English/EN-Alto-2/Breathy/Yesterday Once More/Paired_Speech_Group/0003.wav,/content/atlas/English_raw/English/EN-Alto-2/Breathy/Yesterday Once More/Paired_Speech_Group/0003.TextGrid
113.45145674120918,8.572638463916844,8.081343465474557,-23.51363771265904,0.4804270462633452,3.2079502402742714,EN-Tenor-1__pharyngeal__speech__0007,EN-Tenor-1,pharyngeal,speech,/content/atlas/English_raw/English/EN-Tenor-1/Pharyngeal/Someone Like You/Paired_Speech_Group/0007.wav,/content/atlas/English_raw/English/EN-Tenor-1/Pharyngeal/Someone Like You/Paired_Speech_Group/0007.TextGrid
99.40951171142873,6.746502990665807,5.449443976410418,-25.792765393111306,0.6228571428571429,4.051361351632248,EN-Tenor-1__mixed_voice__speech__0009,EN-Tenor-1,mixed_voice,speech,/content/atlas/English_raw/English/EN-Tenor-1/Mixed_Voice_and_Falsetto/Firework/Paired_Speech_Group/0009.wav,/content/atlas/English_raw/English/EN-Tenor-1/Mixed_Voice_and_Falsetto/Firework/Paired_Speech_Group/0009.TextGrid
126.61612236225906,18.625211047937825,13.988928099356064,-21.71370692957488,0.6347469220246238,8.360269550550797,EN-Tenor-1__mixed_voice__speech__0000,EN-Tenor-1,mixed_voice,speech,/content/atlas/English_raw/English/EN-Tenor-1/Mixed_Voice_and_Falsetto/Love Story/Paired_Speech_Group/0000.wav,/content/atlas/English_raw/English/EN-Tenor-1/Mixed_Voice_and_Falsetto/Love Story/Paired_Speech_Group/0000.TextGrid
240.13791219246409,40.66842236892835,12.095732900732159,-10.701920678351614,0.723826714801444,10.895697008606742,EN-Alto-1__glissando__speech__0010,EN-Alto-1,glissando,speech,/content/atlas/English_raw/English/EN-Alto-1/Glissando/trouble is a friend/Paired_Speech_Group/0010.wav,/content/atlas/English_raw/English/EN-Alto-1/Glissando/trouble is a friend/Paired_Speech_Group/0010.TextGrid
184.2287241103846,47.35360343255972,34.55452983428398,-16.344043065123884,0.42151162790697677,15.881377483539849,EN-Alto-2__breathy__speech__0000,EN-Alto-2,breathy,speech,/content/atlas/English_raw/English/EN-Alto-2/Breathy/My Love/Paired_Speech_Group/0000.wav,/content/atlas/English_raw/English/EN-Alto-2/Breathy/My Love/Paired_Speech_Group/0000.TextGrid
208.38184204697234,19.860934933714347,7.298640327768977,-13.017335202730543,0.5826271186440678,9.904054976862115,EN-Alto-2__vibrato__speech__0003,EN-Alto-2,vibrato,speech,/content/atlas/English_raw/English/EN-Alto-2/Vibrato/Yesterday Once More/Paired_Speech_Group/0003.wav,/content/atlas/English_raw/English/EN-Alto-2/Vibrato/Yesterday Once More/Paired_Speech_Group/0003.TextGrid
111.06981535907478,9.574541329622667,11.264372292464714,-23.88461486856247,0.5674518201284796,2.9604432748016323,EN-Tenor-1__breathy__speech__0000,EN-Tenor-1,breathy,speech,/content/atlas/English_raw/English/EN-Tenor-1/Breathy/Always Remember Us This Way/Paired_Speech_Group/0000.wav,/content/atlas/English_raw/English/EN-Tenor-1/Breathy/Always Remember Us This Way/Paired_Speech_Group/0000.TextGrid
105.80744686652224,9.084051355017305,7.172549942869434,-24.735621371314142,0.4612903225806452,4.4809527767143065,EN-Tenor-1__mixed_voice__speech__0006,EN-Tenor-1,mixed_voice,speech,/content/atlas/English_raw/English/EN-Tenor-1/Mixed_Voice_and_Falsetto/Always Remember Us This Way/Paired_Speech_Group/0006.wav,/content/atlas/English_raw/English/EN-Tenor-1/Mixed_Voice_and_Falsetto/Always Remember Us This Way/Paired_Speech_Group/0006.TextGrid
111.06981535907478,9.574541329622667,11.264372292464714,-23.88461486856247,0.5674518201284796,2.9604432748016323,EN-Tenor-1__pharyngeal__speech__0000,EN-Tenor-1,pharyngeal,speech,/content/atlas/English_raw/English/EN-Tenor-1/Pharyngeal/Always Remember Us This Way/Paired_Speech_Group/0000.wav,/content/atlas/English_raw/English/EN-Tenor-1/Pharyngeal/Always Remember Us This Way/Paired_Speech_Group/0000.TextGrid
194.13633331330695,30.848505480721315,33.31236025244589,-14.712375371115586,0.38875305623471884,6.745214911708575,EN-Alto-2__glissando__speech__0005,EN-Alto-2,glissando,speech,/content/atlas/English_raw/English/EN-Alto-2/Glissando/You Raise Me Up/Paired_Speech_Group/0005.wav,/content/atlas/English_raw/English/EN-Alto-2/Glissando/You Raise Me Up/Paired_Speech_Group/0005.TextGrid
111.68384534820667,8.69987754483938,25.85479348557335,-23.81742530362402,0.6363636363636364,3.454726647593841,EN-Tenor-1__mixed_voice__speech__0008,EN-Tenor-1,mixed_voice,speech,/content/atlas/English_raw/English/EN-Tenor-1/Mixed_Voice_and_Falsetto/Love on the Brain/Paired_Speech_Group/0008.wav,/content/atlas/English_raw/English/EN-Tenor-1/Mixed_Voice_and_Falsetto/Love on the Brain/Paired_Speech_Group/0008.TextGrid
96.39818982265066,6.156787677089482,16.641901064363736,-26.32871992627779,0.4,3.2233349138722853,EN-Tenor-1__vibrato__speech__0002,EN-Tenor-1,vibrato,speech,/content/atlas/English_raw/English/EN-Tenor-1/Vibrato/Million Reasons/Paired_Speech_Group/0002.wav,/content/atlas/English_raw/English/EN-Tenor-1/Vibrato/Million Reasons/Paired_Speech_Group/0002.TextGrid
110.89557697567882,7.2825248408313135,4.72301321682707,-23.897251891226876,0.6086956521739131,3.7097550760439595,EN-Tenor-1__mixed_voice__speech__0007,EN-Tenor-1,mixed_voice,speech,/content/atlas/English_raw/English/EN-Tenor-1/Mixed_Voice_and_Falsetto/Summertime Sadness/Paired_Speech_Group/0007.wav,/content/atlas/English_raw/English/EN-Tenor-1/Mixed_Voice_and_Falsetto/Summertime Sadness/Paired_Speech_Group/0007.TextGrid
194.13633331330695,30.848505480721315,33.31236025244589,-14.712375371115586,0.38875305623471884,6.745214911708575,EN-Alto-2__mixed_voice__speech__0005,EN-Alto-2,mixed_voice,speech,/content/atlas/English_raw/English/EN-Alto-2/Mixed_Voice_and_Falsetto/You Raise Me Up/Paired_Speech_Group/0005.wav,/content/atlas/English_raw/English/EN-Alto-2/Mixed_Voice_and_Falsetto/You Raise Me Up/Paired_Speech_Group/0005.TextGrid
104.00043778720791,4.378721148027374,3.4635097051718233,-24.986645270728204,0.6118421052631579,2.821279954290556,EN-Tenor-1__vibrato__speech__0003,EN-Tenor-1,vibrato,speech,/content/atlas/English_raw/English/EN-Tenor-1/Vibrato/You Belong With Me/Paired_Speech_Group/0003.wav,/content/atlas/English_raw/English/EN-Tenor-1/Vibrato/You Belong With Me/Paired_Speech_Group/0003.TextGrid
212.940686276474,44.25962073578862,36.53643955275773,-13.34261514246646,0.25412541254125415,19.910985709584143,EN-Alto-2__mixed_voice__speech__0000,EN-Alto-2,mixed_voice,speech,/content/atlas/English_raw/English/EN-Alto-2/Mixed_Voice_and_Falsetto/Hello/Paired_Speech_Group/0000.wav,/content/atlas/English_raw/English/EN-Alto-2/Mixed_Voice_and_Falsetto/Hello/Paired_Speech_Group/0000.TextGrid
211.77848534300944,22.041450811742887,10.213014319595118,-12.752410811884308,0.5851272015655578,10.64214118673812,EN-Alto-2__mixed_voice__speech__0001,EN-Alto-2,mixed_voice,speech,/content/atlas/English_raw/English/EN-Alto-2/Mixed_Voice_and_Falsetto/Yesterday Once More/Paired_Speech_Group/0001.wav,/content/atlas/English_raw/English/EN-Alto-2/Mixed_Voice_and_Falsetto/Yesterday Once More/Paired_Speech_Group/0001.TextGrid
99.12226209427327,9.943771742343136,19.590531999885997,-25.912493759492047,0.6994535519125683,2.890924566439636,EN-Tenor-1__glissando__speech__0001,EN-Tenor-1,glissando,speech,/content/atlas/English_raw/English/EN-Tenor-1/Glissando/Million Reasons/Paired_Speech_Group/0001.wav,/content/atlas/English_raw/English/EN-Tenor-1/Glissando/Million Reasons/Paired_Speech_Group/0001.TextGrid
135.51647160601323,15.28162695703995,11.417200019895597,-20.49490244010475,0.44518272425249167,8.675750263378749,EN-Tenor-1__mixed_voice__speech__0000,EN-Tenor-1,mixed_voice,speech,/content/atlas/English_raw/English/EN-Tenor-1/Mixed_Voice_and_Falsetto/Blank Space/Paired_Speech_Group/0000.wav,/content/atlas/English_raw/English/EN-Tenor-1/Mixed_Voice_and_Falsetto/Blank Space/Paired_Speech_Group/0000.TextGrid
213.62530617901518,55.67764007102353,45.15536387830799,-13.52935941721118,0.42692750287687,24.73306727623965,EN-Alto-2__mixed_voice__speech__0010,EN-Alto-2,mixed_voice,speech,/content/atlas/English_raw/English/EN-Alto-2/Mixed_Voice_and_Falsetto/City Of Stars/Paired_Speech_Group/0010.wav,/content/atlas/English_raw/English/EN-Alto-2/Mixed_Voice_and_Falsetto/City Of Stars/Paired_Speech_Group/0010.TextGrid
106.43798740984394,10.503727546283333,12.677275252543456,-24.637107383199087,0.5577557755775577,5.615525365117401,EN-Tenor-1__vibrato__speech__0003,EN-Tenor-1,vibrato,speech,/content/atlas/English_raw/English/EN-Tenor-1/Vibrato/Stay/Paired_Speech_Group/0003.wav,/content/atlas/English_raw/English/EN-Tenor-1/Vibrato/Stay/Paired_Speech_Group/0003.TextGrid
114.74542632018141,9.09407882269666,5.709280223506656,-23.324841686266495,0.40625,6.5379283321114094,EN-Tenor-1__pharyngeal__speech__0006,EN-Tenor-1,pharyngeal,speech,/content/atlas/English_raw/English/EN-Tenor-1/Pharyngeal/Rolling in the Deep/Paired_Speech_Group/0006.wav,/content/atlas/English_raw/English/EN-Tenor-1/Pharyngeal/Rolling in the Deep/Paired_Speech_Group/0006.TextGrid
105.57538692614557,8.31646528706719,10.64254213714209,-24.757513591831376,0.6452599388379205,3.0017932654098,EN-Tenor-1__vibrato__speech__0006,EN-Tenor-1,vibrato,speech,/content/atlas/English_raw/English/EN-Tenor-1/Vibrato/Million Reasons/Paired_Speech_Group/0006.wav,/content/atlas/English_raw/English/EN-Tenor-1/Vibrato/Million Reasons/Paired_Speech_Group/0006.TextGrid
108.00233213641484,9.674985800123793,15.511345816780079,-24.4007480751232,0.5535117056856187,4.426362944369142,EN-Tenor-1__pharyngeal__speech__0006,EN-Tenor-1,pharyngeal,speech,/content/atlas/English_raw/English/EN-Tenor-1/Pharyngeal/Long Live/Paired_Speech_Group/0006.wav,/content/atlas/English_raw/English/EN-Tenor-1/Pharyngeal/Long Live/Paired_Speech_Group/0006.TextGrid
212.3744058604302,17.061137505307062,6.252398566826084,-12.66765306827883,0.41531322505800466,8.57277832417141,EN-Alto-2__breathy__speech__0006,EN-Alto-2,breathy,speech,/content/atlas/English_raw/English/EN-Alto-2/Breathy/Yesterday Once More/Paired_Speech_Group/0006.wav,/content/atlas/English_raw/English/EN-Alto-2/Breathy/Yesterday Once More/Paired_Speech_Group/0006.TextGrid
98.30382930925978,7.9030167691391595,13.99311333084639,-25.992215049587273,0.4075342465753425,2.8779351725906404,EN-Tenor-1__vibrato__speech__0004,EN-Tenor-1,vibrato,speech,/content/atlas/English_raw/English/EN-Tenor-1/Vibrato/Long Live/Paired_Speech_Group/0004.wav,/content/atlas/English_raw/English/EN-Tenor-1/Vibrato/Long Live/Paired_Speech_Group/0004.TextGrid
208.3306605404134,49.343031469051596,35.87694079894305,-14.084485730381433,0.5044378698224852,14.319992631073244,EN-Alto-2__vibrato__speech__0000,EN-Alto-2,vibrato,speech,/content/atlas/English_raw/English/EN-Alto-2/Vibrato/Someone You Loved/Paired_Speech_Group/0000.wav,/content/atlas/English_raw/English/EN-Alto-2/Vibrato/Someone You Loved/Paired_Speech_Group/0000.TextGrid
218.3013416941783,14.123787624105201,4.457541593053769,-12.172190643873753,0.358974358974359,6.6126041004513505,EN-Alto-2__pharyngeal__speech__0007,EN-Alto-2,pharyngeal,speech,/content/atlas/English_raw/English/EN-Alto-2/Pharyngeal/Yesterday Once More/Paired_Speech_Group/0007.wav,/content/atlas/English_raw/English/EN-Alto-2/Pharyngeal/Yesterday Once More/Paired_Speech_Group/0007.TextGrid
256.85643991564376,36.67083070416714,9.996163652668406,-9.50491534026069,0.6438356164383562,15.741118109494899,EN-Alto-1__vibrato__speech__0009,EN-Alto-1,vibrato,speech,/content/atlas/English_raw/English/EN-Alto-1/Vibrato/if you love me for me/Paired_Speech_Group/0009.wav,/content/atlas/English_raw/English/EN-Alto-1/Vibrato/if you love me for me/Paired_Speech_Group/0009.TextGrid
109.99306012576962,10.187061731858524,10.475200459134545,-24.0808954192089,0.6553524804177546,4.160136378149902,EN-Tenor-1__breathy__speech__0001,EN-Tenor-1,breathy,speech,/content/atlas/English_raw/English/EN-Tenor-1/Breathy/Shallow/Paired_Speech_Group/0001.wav,/content/atlas/English_raw/English/EN-Tenor-1/Breathy/Shallow/Paired_Speech_Group/0001.TextGrid
123.29672819594929,10.19161563829253,5.615069923189466,-22.08359192684803,0.5808823529411765,2.2807168915659615,EN-Tenor-1__glissando__speech__0005,EN-Tenor-1,glissando,speech,/content/atlas/English_raw/English/EN-Tenor-1/Glissando/Someone Like You/Paired_Speech_Group/0005.wav,/content/atlas/English_raw/English/EN-Tenor-1/Glissando/Someone Like You/Paired_Speech_Group/0005.TextGrid
117.51569081461403,7.190571571956509,11.00016206986512,-22.89105559443145,0.6559139784946236,3.433096238452046,EN-Tenor-1__mixed_voice__speech__0001,EN-Tenor-1,mixed_voice,speech,/content/atlas/English_raw/English/EN-Tenor-1/Mixed_Voice_and_Falsetto/Lavender Haze/Paired_Speech_Group/0001.wav,/content/atlas/English_raw/English/EN-Tenor-1/Mixed_Voice_and_Falsetto/Lavender Haze/Paired_Speech_Group/0001.TextGrid
113.86925022064698,10.873450691700294,5.969115278546926,-23.476835261728507,0.6594827586206896,2.1828205941850514,EN-Tenor-1__glissando__speech__0007,EN-Tenor-1,glissando,speech,/content/atlas/English_raw/English/EN-Tenor-1/Glissando/Always Remember Us This Way/Paired_Speech_Group/0007.wav,/content/atlas/English_raw/English/EN-Tenor-1/Glissando/Always Remember Us This Way/Paired_Speech_Group/0007.TextGrid
231.57919441064695,15.417488412519956,4.931938146683876,-11.151184303624369,0.7957446808510639,8.411462433608204,EN-Alto-1__pharyngeal__speech__0003,EN-Alto-1,pharyngeal,speech,/content/atlas/English_raw/English/EN-Alto-1/Pharyngeal/clouds/Paired_Speech_Group/0003.wav,/content/atlas/English_raw/English/EN-Alto-1/Pharyngeal/clouds/Paired_Speech_Group/0003.TextGrid
246.65661851670512,30.067811897627404,9.390976597068384,-10.149117380175035,0.6129666011787819,13.804096304861405,EN-Alto-1__mixed_voice__speech__0020,EN-Alto-1,mixed_voice,speech,/content/atlas/English_raw/English/EN-Alto-1/Mixed_Voice_and_Falsetto/let it go/Paired_Speech_Group/0020.wav,/content/atlas/English_raw/English/EN-Alto-1/Mixed_Voice_and_Falsetto/let it go/Paired_Speech_Group/0020.TextGrid
123.03500421615715,14.14086749818037,8.452511093419833,-22.171003963574016,0.648,6.2247743718570065,EN-Tenor-1__mixed_voice__speech__0004,EN-Tenor-1,mixed_voice,speech,/content/atlas/English_raw/English/EN-Tenor-1/Mixed_Voice_and_Falsetto/What Was I Made For∩╝ƒ/Paired_Speech_Group/0004.wav,/content/atlas/English_raw/English/EN-Tenor-1/Mixed_Voice_and_Falsetto/What Was I Made For∩╝ƒ/Paired_Speech_Group/0004.TextGrid
98.09058589744514,11.985624916366808,14.528005336905087,-26.084720501509636,0.518578352180937,3.1303496731228906,EN-Tenor-1__pharyngeal__speech__0003,EN-Tenor-1,pharyngeal,speech,/content/atlas/English_raw/English/EN-Tenor-1/Pharyngeal/Long Live/Paired_Speech_Group/0003.wav,/content/atlas/English_raw/English/EN-Tenor-1/Pharyngeal/Long Live/Paired_Speech_Group/0003.TextGrid
110.27208203152455,7.96883633248179,5.234250083255809,-24.003174906590054,0.434375,3.364921554018976,EN-Tenor-1__vibrato__speech__0008,EN-Tenor-1,vibrato,speech,/content/atlas/English_raw/English/EN-Tenor-1/Vibrato/What Was I Made For∩╝ƒ/Paired_Speech_Group/0008.wav,/content/atlas/English_raw/English/EN-Tenor-1/Vibrato/What Was I Made For∩╝ƒ/Paired_Speech_Group/0008.TextGrid
194.46065416232094,57.07285914584393,33.408060830502535,-15.439707995576747,0.5278725824800911,22.019613181274664,EN-Alto-2__pharyngeal__speech__0011,EN-Alto-2,pharyngeal,speech,/content/atlas/English_raw/English/EN-Alto-2/Pharyngeal/Someone Like You/Paired_Speech_Group/0011.wav,/content/atlas/English_raw/English/EN-Alto-2/Pharyngeal/Someone Like You/Paired_Speech_Group/0011.TextGrid
221.14293021581213,26.213453666792333,36.10246257758249,-12.09776006908696,0.45213849287169044,14.642781863092095,EN-Alto-2__mixed_voice__speech__0007,EN-Alto-2,mixed_voice,speech,/content/atlas/English_raw/English/EN-Alto-2/Mixed_Voice_and_Falsetto/Hello/Paired_Speech_Group/0007.wav,/content/atlas/English_raw/English/EN-Alto-2/Mixed_Voice_and_Falsetto/Hello/Paired_Speech_Group/0007.TextGrid
108.58109571089192,8.953089776965925,13.822762249744283,-24.269569315197316,0.5376175548589341,4.479438115059153,EN-Tenor-1__mixed_voice__speech__0003,EN-Tenor-1,mixed_voice,speech,/content/atlas/English_raw/English/EN-Tenor-1/Mixed_Voice_and_Falsetto/Dark Paradise/Paired_Speech_Group/0003.wav,/content/atlas/English_raw/English/EN-Tenor-1/Mixed_Voice_and_Falsetto/Dark Paradise/Paired_Speech_Group/0003.TextGrid
251.01059612565464,45.006419035915286,12.347839705032866,-10.05129288488068,0.456973293768546,21.31659375103596,EN-Alto-1__pharyngeal__speech__0002,EN-Alto-1,pharyngeal,speech,/content/atlas/English_raw/English/EN-Alto-1/Pharyngeal/beauty and the beast/Paired_Speech_Group/0002.wav,/content/atlas/English_raw/English/EN-Alto-1/Pharyngeal/beauty and the beast/Paired_Speech_Group/0002.TextGrid
107.83448341346387,12.95950666630403,13.954013644522199,-24.452887787795046,0.6113207547169811,5.976369038904511,EN-Tenor-1__breathy__speech__0001,EN-Tenor-1,breathy,speech,/content/atlas/English_raw/English/EN-Tenor-1/Breathy/What Was I Made For∩╝ƒ/Paired_Speech_Group/0001.wav,/content/atlas/English_raw/English/EN-Tenor-1/Breathy/What Was I Made For∩╝ƒ/Paired_Speech_Group/0001.TextGrid
261.30321316986783,37.209894231012186,10.780150383174455,-9.18660348301788,0.6273764258555133,16.752343893419198,EN-Alto-1__glissando__speech__0002,EN-Alto-1,glissando,speech,/content/atlas/English_raw/English/EN-Alto-1/Glissando/tell me that you love me/Paired_Speech_Group/0002.wav,/content/atlas/English_raw/English/EN-Alto-1/Glissando/tell me that you love me/Paired_Speech_Group/0002.TextGrid
117.40706982812483,14.498382885297683,12.963683595704941,-22.993789023836566,0.4853273137697517,6.03022628769857,EN-Tenor-1__mixed_voice__speech__0005,EN-Tenor-1,mixed_voice,speech,/content/atlas/English_raw/English/EN-Tenor-1/Mixed_Voice_and_Falsetto/Dark Paradise/Paired_Speech_Group/0005.wav,/content/atlas/English_raw/English/EN-Tenor-1/Mixed_Voice_and_Falsetto/Dark Paradise/Paired_Speech_Group/0005.TextGrid
252.82225260377876,39.67642880857234,14.507486736233687,-9.808267278118848,0.5870967741935483,12.534787313302136,EN-Alto-1__pharyngeal__speech__0007,EN-Alto-1,pharyngeal,speech,/content/atlas/English_raw/English/EN-Alto-1/Pharyngeal/who says/Paired_Speech_Group/0007.wav,/content/atlas/English_raw/English/EN-Alto-1/Pharyngeal/who says/Paired_Speech_Group/0007.TextGrid
110.97091030524577,15.015791706065036,21.20642982994416,-24.05665681877573,0.5364705882352941,5.596379485074708,EN-Tenor-1__vibrato__speech__0009,EN-Tenor-1,vibrato,speech,/content/atlas/English_raw/English/EN-Tenor-1/Vibrato/Stay/Paired_Speech_Group/0009.wav,/content/atlas/English_raw/English/EN-Tenor-1/Vibrato/Stay/Paired_Speech_Group/0009.TextGrid
103.0269402020338,7.866359558389502,12.090144240937764,-25.17386791394701,0.6053130929791272,4.42899732146026,EN-Tenor-1__pharyngeal__speech__0004,EN-Tenor-1,pharyngeal,speech,/content/atlas/English_raw/English/EN-Tenor-1/Pharyngeal/I Knew You Were Trouble/Paired_Speech_Group/0004.wav,/content/atlas/English_raw/English/EN-Tenor-1/Pharyngeal/I Knew You Were Trouble/Paired_Speech_Group/0004.TextGrid
189.72331430958437,43.45541088992625,34.19522250253237,-15.548467170925369,0.5711382113821138,18.86953593054545,EN-Alto-2__breathy__speech__0002,EN-Alto-2,breathy,speech,/content/atlas/English_raw/English/EN-Alto-2/Breathy/My Love/Paired_Speech_Group/0002.wav,/content/atlas/English_raw/English/EN-Alto-2/Breathy/My Love/Paired_Speech_Group/0002.TextGrid
231.3615261899717,21.90106802656185,8.555369075570793,-11.201312183138539,0.5319727891156463,8.38485691183693,EN-Alto-2__mixed_voice__speech__0006,EN-Alto-2,mixed_voice,speech,/content/atlas/English_raw/English/EN-Alto-2/Mixed_Voice_and_Falsetto/Lemon Tree/Paired_Speech_Group/0006.wav,/content/atlas/English_raw/English/EN-Alto-2/Mixed_Voice_and_Falsetto/Lemon Tree/Paired_Speech_Group/0006.TextGrid
328.5892725706836,56.64176912411554,15.168102549592511,-5.341901958388337,0.7494089834515366,13.672687044655978,EN-Alto-2__glissando__technique__0003,EN-Alto-2,glissando,technique,/content/atlas/English_raw/English/EN-Alto-2/Glissando/Someone You Loved/Glissando_Group/0003.wav,/content/atlas/English_raw/English/EN-Alto-2/Glissando/Someone You Loved/Glissando_Group/0003.TextGrid
253.6299089531791,49.01510676194045,11.822598911254325,-9.861354975275669,0.8237885462555066,11.753821382953552,EN-Tenor-1__mixed_voice__technique__0001,EN-Tenor-1,mixed_voice,technique,/content/atlas/English_raw/English/EN-Tenor-1/Mixed_Voice_and_Falsetto/Someone You Loved/Mixed_Voice_Group/0001.wav,/content/atlas/English_raw/English/EN-Tenor-1/Mixed_Voice_and_Falsetto/Someone You Loved/Mixed_Voice_Group/0001.TextGrid
394.66523940535285,36.564389940465674,8.423703623584922,-1.95807668407864,0.8871866295264624,8.548503841645836,EN-Alto-2__mixed_voice__technique__0008,EN-Alto-2,mixed_voice,technique,/content/atlas/English_raw/English/EN-Alto-2/Mixed_Voice_and_Falsetto/Someone Like You/Mixed_Voice_Group/0008.wav,/content/atlas/English_raw/English/EN-Alto-2/Mixed_Voice_and_Falsetto/Someone Like You/Mixed_Voice_Group/0008.TextGrid
353.0156427584194,46.74547479601885,13.564720003466737,-3.982061230114234,0.8623188405797102,5.321373082880801,EN-Tenor-1__glissando__technique__0005,EN-Tenor-1,glissando,technique,/content/atlas/English_raw/English/EN-Tenor-1/Glissando/All I Ask/Glissando_Group/0005.wav,/content/atlas/English_raw/English/EN-Tenor-1/Glissando/All I Ask/Glissando_Group/0005.TextGrid
446.53175950024905,45.04499361591459,6.436411266006009,0.16213162026101327,0.5825771324863884,6.814788564565249,EN-Alto-1__mixed_voice__technique__0019,EN-Alto-1,mixed_voice,technique,/content/atlas/English_raw/English/EN-Alto-1/Mixed_Voice_and_Falsetto/let it go/Mixed_Voice_Group/0019.wav,/content/atlas/English_raw/English/EN-Alto-1/Mixed_Voice_and_Falsetto/let it go/Mixed_Voice_Group/0019.TextGrid
481.42252589387715,58.43972740312275,48.85797257515845,1.3779351859818674,0.7076502732240437,8.379624501440428,EN-Alto-2__mixed_voice__technique__0006,EN-Alto-2,mixed_voice,technique,/content/atlas/English_raw/English/EN-Alto-2/Mixed_Voice_and_Falsetto/Hello/Falsetto_Group/0006.wav,/content/atlas/English_raw/English/EN-Alto-2/Mixed_Voice_and_Falsetto/Hello/Falsetto_Group/0006.TextGrid
259.7801174523867,47.579478677663985,39.57019958950446,-9.554797250429658,0.6555671175858481,8.101099916226381,EN-Alto-2__mixed_voice__technique__0003,EN-Alto-2,mixed_voice,technique,/content/atlas/English_raw/English/EN-Alto-2/Mixed_Voice_and_Falsetto/Someone Like You/Falsetto_Group/0003.wav,/content/atlas/English_raw/English/EN-Alto-2/Mixed_Voice_and_Falsetto/Someone Like You/Falsetto_Group/0003.TextGrid
350.3587797216522,47.85620696682527,7.964505365751789,-4.115344197663993,0.7833333333333333,7.666703842340316,EN-Tenor-1__glissando__technique__0002,EN-Tenor-1,glissando,technique,/content/atlas/English_raw/English/EN-Tenor-1/Glissando/Enchanted/Glissando_Group/0002.wav,/content/atlas/English_raw/English/EN-Tenor-1/Glissando/Enchanted/Glissando_Group/0002.TextGrid
258.97344399850397,26.021521304861515,10.247410833255858,-9.270391612299196,0.6442307692307693,8.22826072466303,EN-Alto-2__vibrato__technique__0000,EN-Alto-2,vibrato,technique,/content/atlas/English_raw/English/EN-Alto-2/Vibrato/My Love/Vibrato_Group/0000.wav,/content/atlas/English_raw/English/EN-Alto-2/Vibrato/My Love/Vibrato_Group/0000.TextGrid
242.42797943742974,33.47526936218096,10.081591779632472,-10.476013689615813,0.854381443298969,4.60974373246661,EN-Tenor-1__mixed_voice__technique__0000,EN-Tenor-1,mixed_voice,technique,/content/atlas/English_raw/English/EN-Tenor-1/Mixed_Voice_and_Falsetto/Shallow/Falsetto_Group/0000.wav,/content/atlas/English_raw/English/EN-Tenor-1/Mixed_Voice_and_Falsetto/Shallow/Falsetto_Group/0000.TextGrid
356.95139578301894,46.24624551723998,11.767948262601356,-3.774662355262023,0.8792172739541161,11.00248926458737,EN-Tenor-1__vibrato__technique__0004,EN-Tenor-1,vibrato,technique,/content/atlas/English_raw/English/EN-Tenor-1/Vibrato/Always Remember Us This Way/Vibrato_Group/0004.wav,/content/atlas/English_raw/English/EN-Tenor-1/Vibrato/Always Remember Us This Way/Vibrato_Group/0004.TextGrid
308.4511800844248,26.20765973585444,6.007258212683237,-6.217185111198271,0.756385068762279,6.539166947015146,EN-Alto-2__mixed_voice__technique__0002,EN-Alto-2,mixed_voice,technique,/content/atlas/English_raw/English/EN-Alto-2/Mixed_Voice_and_Falsetto/Easy On Me/Mixed_Voice_Group/0002.wav,/content/atlas/English_raw/English/EN-Alto-2/Mixed_Voice_and_Falsetto/Easy On Me/Mixed_Voice_Group/0002.TextGrid
400.68259483804695,65.18072280385712,56.046337685589265,-2.005374856176153,0.7778981581798483,9.795656783021894,EN-Alto-2__mixed_voice__technique__0006,EN-Alto-2,mixed_voice,technique,/content/atlas/English_raw/English/EN-Alto-2/Mixed_Voice_and_Falsetto/Easy On Me/Mixed_Voice_Group/0006.wav,/content/atlas/English_raw/English/EN-Alto-2/Mixed_Voice_and_Falsetto/Easy On Me/Mixed_Voice_Group/0006.TextGrid
361.24358642459373,69.00048925374334,18.81072519712239,-3.7619744533468364,0.8258845437616388,9.435043503434812,EN-Tenor-1__glissando__technique__0009,EN-Tenor-1,glissando,technique,/content/atlas/English_raw/English/EN-Tenor-1/Glissando/Long Live/Glissando_Group/0009.wav,/content/atlas/English_raw/English/EN-Tenor-1/Glissando/Long Live/Glissando_Group/0009.TextGrid
404.6966544799773,64.89001682441503,11.260741937032014,-1.6648332624566093,0.8273224043715847,14.501852674994035,EN-Tenor-1__pharyngeal__technique__0010,EN-Tenor-1,pharyngeal,technique,/content/atlas/English_raw/English/EN-Tenor-1/Pharyngeal/What Was I Made For∩╝ƒ/Pharyngeal_Group/0010.wav,/content/atlas/English_raw/English/EN-Tenor-1/Pharyngeal/What Was I Made For∩╝ƒ/Pharyngeal_Group/0010.TextGrid
284.3300793154547,35.92990844446377,10.41400765485027,-7.693845624124422,0.8570465273095077,7.0912742047804,EN-Tenor-1__glissando__technique__0006,EN-Tenor-1,glissando,technique,/content/atlas/English_raw/English/EN-Tenor-1/Glissando/Shallow/Glissando_Group/0006.wav,/content/atlas/English_raw/English/EN-Tenor-1/Glissando/Shallow/Glissando_Group/0006.TextGrid
245.93757673564716,31.48427801268746,9.623037517216247,-10.216718532359549,0.8779697624190065,5.95759291622179,EN-Tenor-1__mixed_voice__technique__0013,EN-Tenor-1,mixed_voice,technique,/content/atlas/English_raw/English/EN-Tenor-1/Mixed_Voice_and_Falsetto/Love on the Brain/Mixed_Voice_Group/0013.wav,/content/atlas/English_raw/English/EN-Tenor-1/Mixed_Voice_and_Falsetto/Love on the Brain/Mixed_Voice_Group/0013.TextGrid
424.4991660982463,89.67023526419862,49.57684148888321,-1.0977886470369136,0.7687861271676301,11.117466486412257,EN-Alto-2__mixed_voice__technique__0001,EN-Alto-2,mixed_voice,technique,/content/atlas/English_raw/English/EN-Alto-2/Mixed_Voice_and_Falsetto/Hey Jude/Falsetto_Group/0001.wav,/content/atlas/English_raw/English/EN-Alto-2/Mixed_Voice_and_Falsetto/Hey Jude/Falsetto_Group/0001.TextGrid
367.2761601524354,52.53794044900501,45.88214044167592,-3.392951843462443,0.7689625108979947,11.800501088017715,EN-Alto-2__mixed_voice__technique__0004,EN-Alto-2,mixed_voice,technique,/content/atlas/English_raw/English/EN-Alto-2/Mixed_Voice_and_Falsetto/Someone You Loved/Mixed_Voice_Group/0004.wav,/content/atlas/English_raw/English/EN-Alto-2/Mixed_Voice_and_Falsetto/Someone You Loved/Mixed_Voice_Group/0004.TextGrid
365.03516589794583,66.53429039710869,13.794130908526293,-3.5559279374698125,0.8306828811973808,9.45575993550546,EN-Tenor-1__pharyngeal__technique__0009,EN-Tenor-1,pharyngeal,technique,/content/atlas/English_raw/English/EN-Tenor-1/Pharyngeal/Long Live/Pharyngeal_Group/0009.wav,/content/atlas/English_raw/English/EN-Tenor-1/Pharyngeal/Long Live/Pharyngeal_Group/0009.TextGrid
236.2364923246356,22.630245612600394,9.669800190559748,-10.844749620842748,0.7689530685920578,7.847005597309706,EN-Tenor-1__mixed_voice__technique__0000,EN-Tenor-1,mixed_voice,technique,/content/atlas/English_raw/English/EN-Tenor-1/Mixed_Voice_and_Falsetto/Dark Paradise/Mixed_Voice_Group/0000.wav,/content/atlas/English_raw/English/EN-Tenor-1/Mixed_Voice_and_Falsetto/Dark Paradise/Mixed_Voice_Group/0000.TextGrid
364.337665992598,40.93902822188496,9.310367679309167,-3.377836401870938,0.8701825557809331,8.306115990400027,EN-Tenor-1__breathy__technique__0011,EN-Tenor-1,breathy,technique,/content/atlas/English_raw/English/EN-Tenor-1/Breathy/Shallow/Breathy_Group/0011.wav,/content/atlas/English_raw/English/EN-Tenor-1/Breathy/Shallow/Breathy_Group/0011.TextGrid
390.60353012178604,56.06590314110509,10.388201827428343,-2.246900698211711,0.8169014084507042,14.433427428224666,EN-Tenor-1__glissando__technique__0007,EN-Tenor-1,glissando,technique,/content/atlas/English_raw/English/EN-Tenor-1/Glissando/Enchanted/Glissando_Group/0007.wav,/content/atlas/English_raw/English/EN-Tenor-1/Glissando/Enchanted/Glissando_Group/0007.TextGrid
321.83232065152913,63.963427256009055,12.673208033372184,-5.778335531097438,0.8753993610223643,7.596331118933871,EN-Tenor-1__vibrato__technique__0009,EN-Tenor-1,vibrato,technique,/content/atlas/English_raw/English/EN-Tenor-1/Vibrato/Always Remember Us This Way/Vibrato_Group/0009.wav,/content/atlas/English_raw/English/EN-Tenor-1/Vibrato/Always Remember Us This Way/Vibrato_Group/0009.TextGrid
400.0634229658471,68.52279318325236,11.24252756410657,-1.8933232101076223,0.7832167832167832,13.104257045072776,EN-Tenor-1__breathy__technique__0011,EN-Tenor-1,breathy,technique,/content/atlas/English_raw/English/EN-Tenor-1/Breathy/What Was I Made For∩╝ƒ/Breathy_Group/0011.wav,/content/atlas/English_raw/English/EN-Tenor-1/Breathy/What Was I Made For∩╝ƒ/Breathy_Group/0011.TextGrid
330.0765602141906,15.026314153617857,4.719350983290164,-4.995008434373107,0.8869257950530035,2.3414378315153757,EN-Tenor-1__breathy__technique__0003,EN-Tenor-1,breathy,technique,/content/atlas/English_raw/English/EN-Tenor-1/Breathy/What Was I Made For∩╝ƒ/Breathy_Group/0003.wav,/content/atlas/English_raw/English/EN-Tenor-1/Breathy/What Was I Made For∩╝ƒ/Breathy_Group/0003.TextGrid
268.22839827814875,57.448696865615794,13.391652248036872,-8.937106231213262,0.6789976133651552,11.137139086923062,EN-Alto-2__breathy__technique__0001,EN-Alto-2,breathy,technique,/content/atlas/English_raw/English/EN-Alto-2/Breathy/Dream It Possible/Breathy_Group/0001.wav,/content/atlas/English_raw/English/EN-Alto-2/Breathy/Dream It Possible/Breathy_Group/0001.TextGrid
387.87589218681745,53.61229742384441,13.061349802300585,-2.3529786938427435,0.6881648936170213,13.189476372577362,EN-Tenor-1__mixed_voice__technique__0005,EN-Tenor-1,mixed_voice,technique,/content/atlas/English_raw/English/EN-Tenor-1/Mixed_Voice_and_Falsetto/Blank Space/Falsetto_Group/0005.wav,/content/atlas/English_raw/English/EN-Tenor-1/Mixed_Voice_and_Falsetto/Blank Space/Falsetto_Group/0005.TextGrid
236.49346221106035,24.00213439646487,12.473934075455483,-10.828267855232077,0.7228426395939086,4.418227883840551,EN-Alto-2__mixed_voice__technique__0002,EN-Alto-2,mixed_voice,technique,/content/atlas/English_raw/English/EN-Alto-2/Mixed_Voice_and_Falsetto/City Of Stars/Mixed_Voice_Group/0002.wav,/content/atlas/English_raw/English/EN-Alto-2/Mixed_Voice_and_Falsetto/City Of Stars/Mixed_Voice_Group/0002.TextGrid
364.59308649488435,61.939526157309146,14.156508405543477,-3.5291466497306088,0.8815406976744186,8.728962579728249,EN-Tenor-1__vibrato__technique__0009,EN-Tenor-1,vibrato,technique,/content/atlas/English_raw/English/EN-Tenor-1/Vibrato/Long Live/Vibrato_Group/0009.wav,/content/atlas/English_raw/English/EN-Tenor-1/Vibrato/Long Live/Vibrato_Group/0009.TextGrid
301.1325089805972,75.78815464126708,13.568765886930734,-7.147760712019399,0.865415986949429,7.559245300683563,EN-Tenor-1__pharyngeal__technique__0002,EN-Tenor-1,pharyngeal,technique,/content/atlas/English_raw/English/EN-Tenor-1/Pharyngeal/Someone Like You/Pharyngeal_Group/0002.wav,/content/atlas/English_raw/English/EN-Tenor-1/Pharyngeal/Someone Like You/Pharyngeal_Group/0002.TextGrid
265.8301694124218,37.396823926894946,9.83377053326827,-8.89587297364559,0.7924791086350975,7.4647045582061216,EN-Alto-2__vibrato__technique__0001,EN-Alto-2,vibrato,technique,/content/atlas/English_raw/English/EN-Alto-2/Vibrato/Someone Like You/Vibrato_Group/0001.wav,/content/atlas/English_raw/English/EN-Alto-2/Vibrato/Someone Like You/Vibrato_Group/0001.TextGrid
324.1335361890748,40.86843186986814,10.496942674694107,-5.424858499239358,0.6627335299901671,6.475928885182465,EN-Alto-2__breathy__technique__0001,EN-Alto-2,breathy,technique,/content/atlas/English_raw/English/EN-Alto-2/Breathy/Easy On Me/Breathy_Group/0001.wav,/content/atlas/English_raw/English/EN-Alto-2/Breathy/Easy On Me/Breathy_Group/0001.TextGrid
390.189425421654,58.7948157523874,8.318545118264943,-2.265762068535039,0.9106881405563689,10.85592137105084,EN-Tenor-1__pharyngeal__technique__0001,EN-Tenor-1,pharyngeal,technique,/content/atlas/English_raw/English/EN-Tenor-1/Pharyngeal/What Was I Made For∩╝ƒ/Pharyngeal_Group/0001.wav,/content/atlas/English_raw/English/EN-Tenor-1/Pharyngeal/What Was I Made For∩╝ƒ/Pharyngeal_Group/0001.TextGrid
323.6504101794924,17.51904137898839,4.203099449503815,-5.341728120884549,0.7695716395864106,5.831085737889005,EN-Alto-2__mixed_voice__technique__0002,EN-Alto-2,mixed_voice,technique,/content/atlas/English_raw/English/EN-Alto-2/Mixed_Voice_and_Falsetto/God is A Girl/Mixed_Voice_Group/0002.wav,/content/atlas/English_raw/English/EN-Alto-2/Mixed_Voice_and_Falsetto/God is A Girl/Mixed_Voice_Group/0002.TextGrid
284.78660914979423,39.95075809443565,8.652727405053895,-7.717068809635431,0.8322211630123928,6.9209673873704896,EN-Tenor-1__vibrato__technique__0008,EN-Tenor-1,vibrato,technique,/content/atlas/English_raw/English/EN-Tenor-1/Vibrato/Stay/Vibrato_Group/0008.wav,/content/atlas/English_raw/English/EN-Tenor-1/Vibrato/Stay/Vibrato_Group/0008.TextGrid
369.44664191083444,68.08971477594473,17.46300488571273,-3.3208537155648643,0.8782435129740519,15.666587487402747,EN-Tenor-1__vibrato__technique__0007,EN-Tenor-1,vibrato,technique,/content/atlas/English_raw/English/EN-Tenor-1/Vibrato/I Knew You Were Trouble/Vibrato_Group/0007.wav,/content/atlas/English_raw/English/EN-Tenor-1/Vibrato/I Knew You Were Trouble/Vibrato_Group/0007.TextGrid
263.0909254334496,57.810986026375154,41.12934438925136,-9.698673172418916,0.4827175208581645,12.885628774800153,EN-Alto-2__mixed_voice__technique__0000,EN-Alto-2,mixed_voice,technique,/content/atlas/English_raw/English/EN-Alto-2/Mixed_Voice_and_Falsetto/Cry on My Shoulder/Mixed_Voice_Group/0000.wav,/content/atlas/English_raw/English/EN-Alto-2/Mixed_Voice_and_Falsetto/Cry on My Shoulder/Mixed_Voice_Group/0000.TextGrid
235.47633138309277,18.218897811684528,3.813647484763486,-10.876552413992808,0.5870307167235495,9.54794648064081,EN-Alto-1__breathy__technique__0000,EN-Alto-1,breathy,technique,/content/atlas/English_raw/English/EN-Alto-1/Breathy/who says/Breathy_Group/0000.wav,/content/atlas/English_raw/English/EN-Alto-1/Breathy/who says/Breathy_Group/0000.TextGrid
261.4720264775853,49.98163216318247,28.555516010662874,-9.555601417361046,0.7978075517661388,12.138361900273992,EN-Alto-2__mixed_voice__technique__0005,EN-Alto-2,mixed_voice,technique,/content/atlas/English_raw/English/EN-Alto-2/Mixed_Voice_and_Falsetto/Someone Like You/Falsetto_Group/0005.wav,/content/atlas/English_raw/English/EN-Alto-2/Mixed_Voice_and_Falsetto/Someone Like You/Falsetto_Group/0005.TextGrid
180.30314873936567,27.910020288108896,14.577782496382557,-15.668240648756989,0.8196022727272727,6.088392373967927,EN-Tenor-1__pharyngeal__technique__0001,EN-Tenor-1,pharyngeal,technique,/content/atlas/English_raw/English/EN-Tenor-1/Pharyngeal/All I Ask/Pharyngeal_Group/0001.wav,/content/atlas/English_raw/English/EN-Tenor-1/Pharyngeal/All I Ask/Pharyngeal_Group/0001.TextGrid
253.97413905636333,22.805661144201295,9.090337499849177,-9.588185259614615,0.7397107897664071,5.5235146130517325,EN-Alto-1__breathy__technique__0001,EN-Alto-1,breathy,technique,/content/atlas/English_raw/English/EN-Alto-1/Breathy/sleepyhead/Breathy_Group/0001.wav,/content/atlas/English_raw/English/EN-Alto-1/Breathy/sleepyhead/Breathy_Group/0001.TextGrid
300.8405112593644,36.64289965831206,9.152522448710497,-6.704003688666917,0.8567870485678705,13.79753553605824,EN-Tenor-1__pharyngeal__technique__0002,EN-Tenor-1,pharyngeal,technique,/content/atlas/English_raw/English/EN-Tenor-1/Pharyngeal/You Belong With Me/Pharyngeal_Group/0002.wav,/content/atlas/English_raw/English/EN-Tenor-1/Pharyngeal/You Belong With Me/Pharyngeal_Group/0002.TextGrid
376.0116130899006,54.568078496653314,10.993441206284988,-2.9020647195951748,0.8045774647887324,11.207213459024523,EN-Alto-1__pharyngeal__technique__0011,EN-Alto-1,pharyngeal,technique,/content/atlas/English_raw/English/EN-Alto-1/Pharyngeal/beauty and the beast/Pharyngeal_Group/0011.wav,/content/atlas/English_raw/English/EN-Alto-1/Pharyngeal/beauty and the beast/Pharyngeal_Group/0011.TextGrid
240.60345958955136,35.98600126332266,10.883779657275845,-10.659007504648038,0.806829268292683,11.057490516583947,EN-Tenor-1__mixed_voice__technique__0007,EN-Tenor-1,mixed_voice,technique,/content/atlas/English_raw/English/EN-Tenor-1/Mixed_Voice_and_Falsetto/Diamonds/Mixed_Voice_Group/0007.wav,/content/atlas/English_raw/English/EN-Tenor-1/Mixed_Voice_and_Falsetto/Diamonds/Mixed_Voice_Group/0007.TextGrid
240.92037435035155,37.24777308220477,10.216398938126618,-10.650007562638612,0.5458515283842795,7.961210975232336,EN-Alto-1__breathy__technique__0000,EN-Alto-1,breathy,technique,/content/atlas/English_raw/English/EN-Alto-1/Breathy/let it go/Breathy_Group/0000.wav,/content/atlas/English_raw/English/EN-Alto-1/Breathy/let it go/Breathy_Group/0000.TextGrid
350.79370185915445,48.176406654388465,10.078613707046411,-4.063981383509253,0.8556593977154725,4.93934198895103,EN-Tenor-1__breathy__technique__0005,EN-Tenor-1,breathy,technique,/content/atlas/English_raw/English/EN-Tenor-1/Breathy/What Was I Made For∩╝ƒ/Breathy_Group/0005.wav,/content/atlas/English_raw/English/EN-Tenor-1/Breathy/What Was I Made For∩╝ƒ/Breathy_Group/0005.TextGrid
265.224122370006,43.305233922948496,14.79460252271712,-9.010307250434487,0.8356164383561644,5.674938442736104,EN-Tenor-1__breathy__technique__0010,EN-Tenor-1,breathy,technique,/content/atlas/English_raw/English/EN-Tenor-1/Breathy/Always Remember Us This Way/Breathy_Group/0010.wav,/content/atlas/English_raw/English/EN-Tenor-1/Breathy/Always Remember Us This Way/Breathy_Group/0010.TextGrid
305.59104000154383,35.19849099681987,8.382026663528368,-6.4230007788079435,0.6859605911330049,13.21829995071841,EN-Tenor-1__breathy__technique__0000,EN-Tenor-1,breathy,technique,/content/atlas/English_raw/English/EN-Tenor-1/Breathy/You Belong With Me/Breathy_Group/0000.wav,/content/atlas/English_raw/English/EN-Tenor-1/Breathy/You Belong With Me/Breathy_Group/0000.TextGrid
355.65899026399944,37.262334336745525,6.897748207271112,-3.776302931079462,0.8766066838046273,9.350857529653927,EN-Tenor-1__mixed_voice__technique__0004,EN-Tenor-1,mixed_voice,technique,/content/atlas/English_raw/English/EN-Tenor-1/Mixed_Voice_and_Falsetto/Love Story/Falsetto_Group/0004.wav,/content/atlas/English_raw/English/EN-Tenor-1/Mixed_Voice_and_Falsetto/Love Story/Falsetto_Group/0004.TextGrid
318.5163371829862,16.111692890828916,4.688237516451158,-5.616363125592845,0.9060509554140127,3.396510700961773,EN-Tenor-1__glissando__technique__0002,EN-Tenor-1,glissando,technique,/content/atlas/English_raw/English/EN-Tenor-1/Glissando/What Was I Made For∩╝ƒ/Glissando_Group/0002.wav,/content/atlas/English_raw/English/EN-Tenor-1/Glissando/What Was I Made For∩╝ƒ/Glissando_Group/0002.TextGrid
309.100506414381,51.7479988252327,14.50121372653311,-6.350606832193491,0.6755514705882353,11.223215233729709,EN-Tenor-1__breathy__technique__0001,EN-Tenor-1,breathy,technique,/content/atlas/English_raw/English/EN-Tenor-1/Breathy/Rolling in the Deep/Breathy_Group/0001.wav,/content/atlas/English_raw/English/EN-Tenor-1/Breathy/Rolling in the Deep/Breathy_Group/0001.TextGrid
331.53492403069674,87.53800103261219,15.32226148648766,-5.5247608381493745,0.8029490616621984,7.517593698552898,EN-Tenor-1__breathy__technique__0004,EN-Tenor-1,breathy,technique,/content/atlas/English_raw/English/EN-Tenor-1/Breathy/Stay/Breathy_Group/0004.wav,/content/atlas/English_raw/English/EN-Tenor-1/Breathy/Stay/Breathy_Group/0004.TextGrid
331.27711107547196,39.392334623404714,9.823340109235104,-5.022171122007721,0.9270833333333334,6.38380748105545,EN-Alto-1__pharyngeal__technique__0003,EN-Alto-1,pharyngeal,technique,/content/atlas/English_raw/English/EN-Alto-1/Pharyngeal/love stroy/Pharyngeal_Group/0003.wav,/content/atlas/English_raw/English/EN-Alto-1/Pharyngeal/love stroy/Pharyngeal_Group/0003.TextGrid
261.29500228710833,34.81527639164546,9.59163701680859,-9.166797271410434,0.7441253263707572,9.807453750006294,EN-Tenor-1__mixed_voice__technique__0005,EN-Tenor-1,mixed_voice,technique,/content/atlas/English_raw/English/EN-Tenor-1/Mixed_Voice_and_Falsetto/Back to December/Falsetto_Group/0005.wav,/content/atlas/English_raw/English/EN-Tenor-1/Mixed_Voice_and_Falsetto/Back to December/Falsetto_Group/0005.TextGrid
341.80731199994017,68.34807247482865,12.36103961445013,-4.710044788848856,0.7921760391198044,7.767288658767345,EN-Alto-1__breathy__technique__0008,EN-Alto-1,breathy,technique,/content/atlas/English_raw/English/EN-Alto-1/Breathy/all is found/Breathy_Group/0008.wav,/content/atlas/English_raw/English/EN-Alto-1/Breathy/all is found/Breathy_Group/0008.TextGrid
269.89553797746373,36.260692940976355,11.316574660266278,-8.624301991879534,0.8106995884773662,10.357240157320398,EN-Tenor-1__mixed_voice__technique__0005,EN-Tenor-1,mixed_voice,technique,/content/atlas/English_raw/English/EN-Tenor-1/Mixed_Voice_and_Falsetto/Call Out My Name/Mixed_Voice_Group/0005.wav,/content/atlas/English_raw/English/EN-Tenor-1/Mixed_Voice_and_Falsetto/Call Out My Name/Mixed_Voice_Group/0005.TextGrid
235.18412373465125,27.014648471098713,13.719822550601467,-10.960013384572804,0.7932489451476793,9.325008963715707,EN-Alto-2__vibrato__technique__0007,EN-Alto-2,vibrato,technique,/content/atlas/English_raw/English/EN-Alto-2/Vibrato/All of Me/Vibrato_Group/0007.wav,/content/atlas/English_raw/English/EN-Alto-2/Vibrato/All of Me/Vibrato_Group/0007.TextGrid
242.0629419182823,38.71477802673782,14.554178227140568,-10.580621280156572,0.8638297872340426,7.1091595551062206,EN-Tenor-1__mixed_voice__technique__0004,EN-Tenor-1,mixed_voice,technique,/content/atlas/English_raw/English/EN-Tenor-1/Mixed_Voice_and_Falsetto/Unconditionally/Mixed_Voice_Group/0004.wav,/content/atlas/English_raw/English/EN-Tenor-1/Mixed_Voice_and_Falsetto/Unconditionally/Mixed_Voice_Group/0004.TextGrid
300.0023081840395,96.90606369941035,55.657765067538115,-7.553056407262509,0.6209230769230769,12.993865993695362,EN-Alto-1__glissando__technique__0001,EN-Alto-1,glissando,technique,/content/atlas/English_raw/English/EN-Alto-1/Glissando/trouble is a friend/Glissando_Group/0001.wav,/content/atlas/English_raw/English/EN-Alto-1/Glissando/trouble is a friend/Glissando_Group/0001.TextGrid
334.8624952005126,31.158343933487014,13.772986165861784,-4.800867894376668,0.6913099870298314,13.57322464403498,EN-Tenor-1__mixed_voice__technique__0003,EN-Tenor-1,mixed_voice,technique,/content/atlas/English_raw/English/EN-Tenor-1/Mixed_Voice_and_Falsetto/Dark Paradise/Falsetto_Group/0003.wav,/content/atlas/English_raw/English/EN-Tenor-1/Mixed_Voice_and_Falsetto/Dark Paradise/Falsetto_Group/0003.TextGrid
296.1231054042687,42.836267676440265,9.707311458444666,-7.040762965736688,0.7911392405063291,10.131365907432235,EN-Alto-1__mixed_voice__technique__0000,EN-Alto-1,mixed_voice,technique,/content/atlas/English_raw/English/EN-Alto-1/Mixed_Voice_and_Falsetto/yesterday once more/Falsetto_Group/0000.wav,/content/atlas/English_raw/English/EN-Alto-1/Mixed_Voice_and_Falsetto/yesterday once more/Falsetto_Group/0000.TextGrid
360.0214515292836,88.25208221013115,20.745211564124922,-3.8649898542816246,0.721596724667349,21.328756818665116,EN-Alto-2__vibrato__technique__0004,EN-Alto-2,vibrato,technique,/content/atlas/English_raw/English/EN-Alto-2/Vibrato/Someone You Loved/Vibrato_Group/0004.wav,/content/atlas/English_raw/English/EN-Alto-2/Vibrato/Someone You Loved/Vibrato_Group/0004.TextGrid
310.670505137252,39.047581132873624,16.677102654077647,-6.162804662354841,0.9552780016116036,7.949948482484582,EN-Tenor-1__vibrato__technique__0007,EN-Tenor-1,vibrato,technique,/content/atlas/English_raw/English/EN-Tenor-1/Vibrato/Million Reasons/Vibrato_Group/0007.wav,/content/atlas/English_raw/English/EN-Tenor-1/Vibrato/Million Reasons/Vibrato_Group/0007.TextGrid
337.73490060518924,30.521763887156187,8.489439957814076,-4.6524312405250905,0.869625520110957,5.412812965636212,EN-Tenor-1__glissando__technique__0005,EN-Tenor-1,glissando,technique,/content/atlas/English_raw/English/EN-Tenor-1/Glissando/Someone Like You/Glissando_Group/0005.wav,/content/atlas/English_raw/English/EN-Tenor-1/Glissando/Someone Like You/Glissando_Group/0005.TextGrid
359.8171900774324,89.43519829661089,19.3290324136169,-3.8305660131099457,0.8941717791411042,20.546392369824254,EN-Alto-1__pharyngeal__technique__0005,EN-Alto-1,pharyngeal,technique,/content/atlas/English_raw/English/EN-Alto-1/Pharyngeal/love stroy/Pharyngeal_Group/0005.wav,/content/atlas/English_raw/English/EN-Alto-1/Pharyngeal/love stroy/Pharyngeal_Group/0005.TextGrid
